{"count":1,"self":1201.313792,"total":10885.1875392,"children":{"InitializeSensors":{"count":24,"self":0.0029993,"total":0.0029993,"children":null},"AgentSendState":{"count":634967,"self":674.5899008,"total":2873.8961018,"children":{"CollectObservations":{"count":15239208,"self":265.2266496,"total":265.22664,"children":null},"CollectDiscreteActionMasks":{"count":15239208,"self":88.807244799999992,"total":88.807244,"children":null},"AgentInfo.ToProto":{"count":15239208,"self":279.5550976,"total":1845.2723369,"children":{"GenerateSensorData":{"count":15239208,"self":478.28771839999996,"total":1565.7172349999998,"children":{"RayPerceptionSensor.Perceive":{"count":15239208,"self":1087.4295296,"total":1087.4295224,"children":null}}}}}}},"DecideAction":{"count":634967,"self":6480.2242559999995,"total":6480.2242962,"children":null},"AgentAct":{"count":634967,"self":328.60462079999996,"total":328.6046293,"children":null},"AgentInfo.ToProto":{"count":6247,"self":0.2519184,"total":1.1437610999999999,"children":{"GenerateSensorData":{"count":6247,"self":0.2748791,"total":0.8918427,"children":{"RayPerceptionSensor.Perceive":{"count":6247,"self":0.6169636,"total":0.6169636,"children":null}}}}}},"gauges":{"My Behavior.CumulativeReward":{"count":6247,"max":286.3541,"min":-3.9560864,"runningAverage":53.35438,"value":32.56916,"weightedAverage":100.851311}},"metadata":{"timer_format_version":"0.1.0","start_time_seconds":"1597211365","unity_version":"2019.4.1f1","command_line_arguments":"D:\\Aplikacje\\Unity\\2019.4.1f1\\Editor\\Unity.exe -projectpath D:\/GitHub\/SimplyAiCar -useHub -hubIPC -cloudEnvironment production -hubSessionId 72e77a40-dc18-11ea-970c-9305d22f96e6 -accessToken bvLtlGga30R5mHiMIcgjz5IYou_AXZUWpHrNWaaDB7s007f","communication_protocol_version":"1.0.0","com.unity.ml-agents_version":"1.1.0-preview","scene_name":"Train","end_time_seconds":"1597222250"}}