{"count":1,"self":355.013632,"total":1219.9013579,"children":{"InitializeSensors":{"count":30,"self":0.0050053,"total":0.0050053,"children":null},"AgentSendState":{"count":284301,"self":58.2012864,"total":242.79165189999998,"children":{"CollectObservations":{"count":1705830,"self":21.3098176,"total":21.3098168,"children":null},"CollectDiscreteActionMasks":{"count":1705830,"self":7.9105751999999994,"total":7.9105751,"children":null},"AgentInfo.ToProto":{"count":1705830,"self":23.111591999999998,"total":155.369972,"children":{"GenerateSensorData":{"count":1705830,"self":38.090729599999996,"total":132.2583805,"children":{"RayPerceptionSensor.Perceive":{"count":1705830,"self":94.167654399999989,"total":94.1676524,"children":null}}}}}}},"DecideAction":{"count":284301,"self":493.0443264,"total":493.044319,"children":null},"AgentAct":{"count":284301,"self":128.9359232,"total":128.9359237,"children":null},"AgentInfo.ToProto":{"count":718,"self":0.0199959,"total":0.1088248,"children":{"GenerateSensorData":{"count":718,"self":0.022860699999999998,"total":0.0888289,"children":{"RayPerceptionSensor.Perceive":{"count":718,"self":0.065968199999999991,"total":0.065968199999999991,"children":null}}}}}},"gauges":{"SimplyCarAi.CumulativeReward":{"count":718,"max":3070.241,"min":-4.352482,"runningAverage":92.62941,"value":148.894012,"weightedAverage":1030.26465}},"metadata":{"timer_format_version":"0.1.0","start_time_seconds":"1600250754","unity_version":"2019.4.1f1","command_line_arguments":"D:\\Aplikacje\\Unity\\2019.4.1f1\\Editor\\Unity.exe -projectpath D:\/GitHub\/SimplyAiCar -useHub -hubIPC -cloudEnvironment production -hubSessionId 49579860-f7ff-11ea-ba9e-055a44dcd7a2 -accessToken ahdufJ5rGLuJsTVpJ3YU-20lYDkAW1vT7Smkw4kwIfQ007f","communication_protocol_version":"1.0.0","com.unity.ml-agents_version":"1.1.0-preview","scene_name":"Train","end_time_seconds":"1600251974"}}